{"avg_num_comments":23.76923076923077,"avg_submission_score":95.92307692307692,"quarter":1,"subreddit":"Cameras","tot_comment_score":-0.20512820512820512,"year":"2019"}
{"avg_num_comments":47.61290322580645,"avg_submission_score":54.473118279569896,"quarter":1,"subreddit":"Genealogy","tot_comment_score":0.3333333333333333,"year":"2019"}
{"avg_num_comments":15.041666666666666,"avg_submission_score":3.2916666666666665,"quarter":1,"subreddit":"optometry","tot_comment_score":-0.3333333333333333,"year":"2019"}
{"avg_num_comments":35.19230769230769,"avg_submission_score":16.153846153846153,"quarter":1,"subreddit":"scala","tot_comment_score":0.11538461538461539,"year":"2019"}
{"avg_num_comments":64.52631578947368,"avg_submission_score":639.921052631579,"quarter":1,"subreddit":"xkcd","tot_comment_score":-0.39473684210526316,"year":"2019"}
{"avg_num_comments":28.488372093023255,"avg_submission_score":61.69767441860465,"quarter":2,"subreddit":"Cameras","tot_comment_score":0.3023255813953488,"year":"2019"}
{"avg_num_comments":47.875,"avg_submission_score":44.5,"quarter":2,"subreddit":"Genealogy","tot_comment_score":0.7386363636363636,"year":"2019"}
{"avg_num_comments":18.863636363636363,"avg_submission_score":13.045454545454545,"quarter":2,"subreddit":"optometry","tot_comment_score":-0.045454545454545456,"year":"2019"}
{"avg_num_comments":43.65217391304348,"avg_submission_score":44.130434782608695,"quarter":2,"subreddit":"scala","tot_comment_score":0.7391304347826086,"year":"2019"}
{"avg_num_comments":59.84848484848485,"avg_submission_score":522.0909090909091,"quarter":2,"subreddit":"xkcd","tot_comment_score":1.1818181818181819,"year":"2019"}
{"avg_num_comments":20.775,"avg_submission_score":69.275,"quarter":3,"subreddit":"Cameras","tot_comment_score":0.025,"year":"2019"}
{"avg_num_comments":33.36470588235294,"avg_submission_score":44.63529411764706,"quarter":3,"subreddit":"Genealogy","tot_comment_score":0.10588235294117647,"year":"2019"}
{"avg_num_comments":11.906976744186046,"avg_submission_score":7.255813953488372,"quarter":3,"subreddit":"optometry","tot_comment_score":0.16279069767441862,"year":"2019"}
{"avg_num_comments":87.11290322580645,"avg_submission_score":52.62903225806452,"quarter":3,"subreddit":"scala","tot_comment_score":1.596774193548387,"year":"2019"}
{"avg_num_comments":47.0,"avg_submission_score":605.375,"quarter":3,"subreddit":"xkcd","tot_comment_score":0.2916666666666667,"year":"2019"}
{"avg_num_comments":30.31578947368421,"avg_submission_score":62.280701754385966,"quarter":4,"subreddit":"Cameras","tot_comment_score":0.10526315789473684,"year":"2019"}
{"avg_num_comments":51.66101694915254,"avg_submission_score":48.79661016949152,"quarter":4,"subreddit":"Genealogy","tot_comment_score":1.194915254237288,"year":"2019"}
{"avg_num_comments":12.942857142857143,"avg_submission_score":7.4,"quarter":4,"subreddit":"optometry","tot_comment_score":0.4,"year":"2019"}
{"avg_num_comments":33.721311475409834,"avg_submission_score":27.83606557377049,"quarter":4,"subreddit":"scala","tot_comment_score":0.45901639344262296,"year":"2019"}
{"avg_num_comments":116.29729729729729,"avg_submission_score":681.8378378378378,"quarter":4,"subreddit":"xkcd","tot_comment_score":-0.7837837837837838,"year":"2019"}
{"avg_num_comments":19.05,"avg_submission_score":72.1,"quarter":1,"subreddit":"Cameras","tot_comment_score":0.45,"year":"2020"}
{"avg_num_comments":43.91803278688525,"avg_submission_score":88.67213114754098,"quarter":1,"subreddit":"Genealogy","tot_comment_score":0.7540983606557377,"year":"2020"}
{"avg_num_comments":15.533333333333333,"avg_submission_score":18.333333333333332,"quarter":1,"subreddit":"optometry","tot_comment_score":0.0,"year":"2020"}
{"avg_num_comments":30.470588235294116,"avg_submission_score":25.058823529411764,"quarter":1,"subreddit":"scala","tot_comment_score":0.08823529411764706,"year":"2020"}
{"avg_num_comments":73.96428571428571,"avg_submission_score":822.5,"quarter":1,"subreddit":"xkcd","tot_comment_score":0.17857142857142858,"year":"2020"}
{"avg_num_comments":25.11111111111111,"avg_submission_score":102.61111111111111,"quarter":2,"subreddit":"Cameras","tot_comment_score":0.6388888888888888,"year":"2020"}
{"avg_num_comments":33.22641509433962,"avg_submission_score":60.0188679245283,"quarter":2,"subreddit":"Genealogy","tot_comment_score":0.4339622641509434,"year":"2020"}
{"avg_num_comments":18.758064516129032,"avg_submission_score":12.35483870967742,"quarter":2,"subreddit":"optometry","tot_comment_score":-0.016129032258064516,"year":"2020"}
{"avg_num_comments":53.04,"avg_submission_score":15.46,"quarter":2,"subreddit":"scala","tot_comment_score":-0.34,"year":"2020"}
{"avg_num_comments":69.84615384615384,"avg_submission_score":493.15384615384613,"quarter":2,"subreddit":"xkcd","tot_comment_score":-0.6666666666666666,"year":"2020"}
{"avg_num_comments":36.26923076923077,"avg_submission_score":139.82692307692307,"quarter":3,"subreddit":"Cameras","tot_comment_score":0.38461538461538464,"year":"2020"}
{"avg_num_comments":50.33734939759036,"avg_submission_score":89.83132530120481,"quarter":3,"subreddit":"Genealogy","tot_comment_score":0.27710843373493976,"year":"2020"}
{"avg_num_comments":33.86206896551724,"avg_submission_score":12.206896551724139,"quarter":3,"subreddit":"optometry","tot_comment_score":0.06896551724137931,"year":"2020"}
{"avg_num_comments":49.76744186046512,"avg_submission_score":38.906976744186046,"quarter":3,"subreddit":"scala","tot_comment_score":1.0,"year":"2020"}
{"avg_num_comments":53.58139534883721,"avg_submission_score":487.74418604651163,"quarter":3,"subreddit":"xkcd","tot_comment_score":0.27906976744186046,"year":"2020"}
{"avg_num_comments":25.216216216216218,"avg_submission_score":124.70270270270271,"quarter":4,"subreddit":"Cameras","tot_comment_score":-0.10810810810810811,"year":"2020"}
{"avg_num_comments":50.92857142857143,"avg_submission_score":81.71428571428571,"quarter":4,"subreddit":"Genealogy","tot_comment_score":0.5204081632653061,"year":"2020"}
{"avg_num_comments":18.191176470588236,"avg_submission_score":10.5,"quarter":4,"subreddit":"optometry","tot_comment_score":0.04411764705882353,"year":"2020"}
{"avg_num_comments":34.57692307692308,"avg_submission_score":26.307692307692307,"quarter":4,"subreddit":"scala","tot_comment_score":-0.38461538461538464,"year":"2020"}
{"avg_num_comments":93.48214285714286,"avg_submission_score":626.6428571428571,"quarter":4,"subreddit":"xkcd","tot_comment_score":0.21428571428571427,"year":"2020"}
{"avg_num_comments":16.310344827586206,"avg_submission_score":16.413793103448278,"quarter":1,"subreddit":"Cameras","tot_comment_score":-0.034482758620689655,"year":"2018"}
{"avg_num_comments":46.28169014084507,"avg_submission_score":28.774647887323944,"quarter":1,"subreddit":"Genealogy","tot_comment_score":-0.4084507042253521,"year":"2018"}
{"avg_num_comments":15.615384615384615,"avg_submission_score":1.8461538461538463,"quarter":1,"subreddit":"optometry","tot_comment_score":-0.4358974358974359,"year":"2018"}
{"avg_num_comments":35.125,"avg_submission_score":22.2,"quarter":1,"subreddit":"scala","tot_comment_score":-0.425,"year":"2018"}
{"avg_num_comments":120.0,"avg_submission_score":833.5,"quarter":1,"subreddit":"xkcd","tot_comment_score":-0.391304347826087,"year":"2018"}
{"avg_num_comments":19.555555555555557,"avg_submission_score":22.75,"quarter":2,"subreddit":"Cameras","tot_comment_score":0.08333333333333333,"year":"2018"}
{"avg_num_comments":37.0,"avg_submission_score":44.7536231884058,"quarter":2,"subreddit":"Genealogy","tot_comment_score":0.43478260869565216,"year":"2018"}
{"avg_num_comments":16.125,"avg_submission_score":2.71875,"quarter":2,"subreddit":"optometry","tot_comment_score":-0.46875,"year":"2018"}
{"avg_num_comments":36.4,"avg_submission_score":31.755555555555556,"quarter":2,"subreddit":"scala","tot_comment_score":-0.1111111111111111,"year":"2018"}
{"avg_num_comments":112.06122448979592,"avg_submission_score":817.1632653061224,"quarter":2,"subreddit":"xkcd",