{"quarter":1,"subreddit":"Cameras","tot_comment_score":0.45,"avg_submission_score":72.1,"avg_num_comments":19.05,"year":"2020"}
{"quarter":1,"subreddit":"Genealogy","tot_comment_score":0.7540983606557377,"avg_submission_score":88.67213114754098,"avg_num_comments":43.91803278688525,"year":"2020"}
{"quarter":1,"subreddit":"optometry","tot_comment_score":0.0,"avg_submission_score":18.333333333333332,"avg_num_comments":15.533333333333333,"year":"2020"}
{"quarter":1,"subreddit":"scala","tot_comment_score":0.08823529411764706,"avg_submission_score":25.058823529411764,"avg_num_comments":30.470588235294116,"year":"2020"}
{"quarter":1,"subreddit":"xkcd","tot_comment_score":0.17857142857142858,"avg_submission_score":822.5,"avg_num_comments":73.96428571428571,"year":"2020"}
{"quarter":2,"subreddit":"Cameras","tot_comment_score":0.6388888888888888,"avg_submission_score":102.61111111111111,"avg_num_comments":25.11111111111111,"year":"2020"}
{"quarter":2,"subreddit":"Genealogy","tot_comment_score":0.4339622641509434,"avg_submission_score":60.0188679245283,"avg_num_comments":33.22641509433962,"year":"2020"}
{"quarter":2,"subreddit":"optometry","tot_comment_score":-0.016129032258064516,"avg_submission_score":12.35483870967742,"avg_num_comments":18.758064516129032,"year":"2020"}
{"quarter":2,"subreddit":"scala","tot_comment_score":-0.34,"avg_submission_score":15.46,"avg_num_comments":53.04,"year":"2020"}
{"quarter":2,"subreddit":"xkcd","tot_comment_score":-0.6666666666666666,"avg_submission_score":493.15384615384613,"avg_num_comments":69.84615384615384,"year":"2020"}
{"quarter":3,"subreddit":"Cameras","tot_comment_score":0.38461538461538464,"avg_submission_score":139.82692307692307,"avg_num_comments":36.26923076923077,"year":"2020"}
{"quarter":3,"subreddit":"Genealogy","tot_comment_score":0.27710843373493976,"avg_submission_score":89.83132530120481,"avg_num_comments":50.33734939759036,"year":"2020"}
{"quarter":3,"subreddit":"optometry","tot_comment_score":0.06896551724137931,"avg_submission_score":12.206896551724139,"avg_num_comments":33.86206896551724,"year":"2020"}
{"quarter":3,"subreddit":"scala","tot_comment_score":1.0,"avg_submission_score":38.906976744186046,"avg_num_comments":49.76744186046512,"year":"2020"}
{"quarter":3,"subreddit":"xkcd","tot_comment_score":0.27906976744186046,"avg_submission_score":487.74418604651163,"avg_num_comments":53.58139534883721,"year":"2020"}
{"quarter":4,"subreddit":"Cameras","tot_comment_score":-0.10810810810810811,"avg_submission_score":124.70270270270271,"avg_num_comments":25.216216216216218,"year":"2020"}
{"quarter":4,"subreddit":"Genealogy","tot_comment_score":0.5204081632653061,"avg_submission_score":81.71428571428571,"avg_num_comments":50.92857142857143,"year":"2020"}
{"quarter":4,"subreddit":"optometry","tot_comment_score":0.04411764705882353,"avg_submission_score":10.5,"avg_num_comments":18.191176470588236,"year":"2020"}
{"quarter":4,"subreddit":"scala","tot_comment_score":-0.38461538461538464,"avg_submission_score":26.307692307692307,"avg_num_comments":34.57692307692308,"year":"2020"}
{"quarter":4,"subreddit":"xkcd","tot_comment_score":0.21428571428571427,"avg_submission_score":626.6428571428571,"avg_num_comments":93.48214285714286,"year":"2020"}
