{"quarter":1,"subreddit":"Cameras","tot_comment_score":-0.20512820512820512,"avg_submission_score":95.92307692307692,"avg_num_comments":23.76923076923077,"year":"2019"}
{"quarter":1,"subreddit":"Genealogy","tot_comment_score":0.3333333333333333,"avg_submission_score":54.473118279569896,"avg_num_comments":47.61290322580645,"year":"2019"}
{"quarter":1,"subreddit":"optometry","tot_comment_score":-0.3333333333333333,"avg_submission_score":3.2916666666666665,"avg_num_comments":15.041666666666666,"year":"2019"}
{"quarter":1,"subreddit":"scala","tot_comment_score":0.11538461538461539,"avg_submission_score":16.153846153846153,"avg_num_comments":35.19230769230769,"year":"2019"}
{"quarter":1,"subreddit":"xkcd","tot_comment_score":-0.39473684210526316,"avg_submission_score":639.921052631579,"avg_num_comments":64.52631578947368,"year":"2019"}
{"quarter":2,"subreddit":"Cameras","tot_comment_score":0.3023255813953488,"avg_submission_score":61.69767441860465,"avg_num_comments":28.488372093023255,"year":"2019"}
{"quarter":2,"subreddit":"Genealogy","tot_comment_score":0.7386363636363636,"avg_submission_score":44.5,"avg_num_comments":47.875,"year":"2019"}
{"quarter":2,"subreddit":"optometry","tot_comment_score":-0.045454545454545456,"avg_submission_score":13.045454545454545,"avg_num_comments":18.863636363636363,"year":"2019"}
{"quarter":2,"subreddit":"scala","tot_comment_score":0.7391304347826086,"avg_submission_score":44.130434782608695,"avg_num_comments":43.65217391304348,"year":"2019"}
{"quarter":2,"subreddit":"xkcd","tot_comment_score":1.1818181818181819,"avg_submission_score":522.0909090909091,"avg_num_comments":59.84848484848485,"year":"2019"}
{"quarter":3,"subreddit":"Cameras","tot_comment_score":0.025,"avg_submission_score":69.275,"avg_num_comments":20.775,"year":"2019"}
{"quarter":3,"subreddit":"Genealogy","tot_comment_score":0.10588235294117647,"avg_submission_score":44.63529411764706,"avg_num_comments":33.36470588235294,"year":"2019"}
{"quarter":3,"subreddit":"optometry","tot_comment_score":0.16279069767441862,"avg_submission_score":7.255813953488372,"avg_num_comments":11.906976744186046,"year":"2019"}
{"quarter":3,"subreddit":"scala","tot_comment_score":1.596774193548387,"avg_submission_score":52.62903225806452,"avg_num_comments":87.11290322580645,"year":"2019"}
{"quarter":3,"subreddit":"xkcd","tot_comment_score":0.2916666666666667,"avg_submission_score":605.375,"avg_num_comments":47.0,"year":"2019"}
{"quarter":4,"subreddit":"Cameras","tot_comment_score":0.10526315789473684,"avg_submission_score":62.280701754385966,"avg_num_comments":30.31578947368421,"year":"2019"}
{"quarter":4,"subreddit":"Genealogy","tot_comment_score":1.194915254237288,"avg_submission_score":48.79661016949152,"avg_num_comments":51.66101694915254,"year":"2019"}
{"quarter":4,"subreddit":"optometry","tot_comment_score":0.4,"avg_submission_score":7.4,"avg_num_comments":12.942857142857143,"year":"2019"}
{"quarter":4,"subreddit":"scala","tot_comment_score":0.45901639344262296,"avg_submission_score":27.83606557377049,"avg_num_comments":33.721311475409834,"year":"2019"}
{"quarter":4,"subreddit":"xkcd","tot_comment_score":-0.7837837837837838,"avg_submission_score":681.8378378378378,"avg_num_comments":116.29729729729729,"year":"2019"}
