{"quarter":1,"subreddit":"Cameras","tot_comment_score":-0.034482758620689655,"avg_submission_score":16.413793103448278,"avg_num_comments":16.310344827586206,"year":"2018"}
{"quarter":1,"subreddit":"Genealogy","tot_comment_score":-0.4084507042253521,"avg_submission_score":28.774647887323944,"avg_num_comments":46.28169014084507,"year":"2018"}
{"quarter":1,"subreddit":"optometry","tot_comment_score":-0.4358974358974359,"avg_submission_score":1.8461538461538463,"avg_num_comments":15.615384615384615,"year":"2018"}
{"quarter":1,"subreddit":"scala","tot_comment_score":-0.425,"avg_submission_score":22.2,"avg_num_comments":35.125,"year":"2018"}
{"quarter":1,"subreddit":"xkcd","tot_comment_score":-0.391304347826087,"avg_submission_score":833.5,"avg_num_comments":120.0,"year":"2018"}
{"quarter":2,"subreddit":"Cameras","tot_comment_score":0.08333333333333333,"avg_submission_score":22.75,"avg_num_comments":19.555555555555557,"year":"2018"}
{"quarter":2,"subreddit":"Genealogy","tot_comment_score":0.43478260869565216,"avg_submission_score":44.7536231884058,"avg_num_comments":37.0,"year":"2018"}
{"quarter":2,"subreddit":"optometry","tot_comment_score":-0.46875,"avg_submission_score":2.71875,"avg_num_comments":16.125,"year":"2018"}
{"quarter":2,"subreddit":"scala","tot_comment_score":-0.1111111111111111,"avg_submission_score":31.755555555555556,"avg_num_comments":36.4,"year":"2018"}
{"quarter":2,"subreddit":"xkcd","tot_comment_score":-0.04081632653061224,"avg_submission_score":817.1632653061224,"avg_num_comments":112.06122448979592,"year":"2018"}
{"quarter":3,"subreddit":"Cameras","tot_comment_score":0.16216216216216217,"avg_submission_score":57.945945945945944,"avg_num_comments":22.43243243243243,"year":"2018"}
{"quarter":3,"subreddit":"Genealogy","tot_comment_score":-0.09210526315789473,"avg_submission_score":28.486842105263158,"avg_num_comments":41.03947368421053,"year":"2018"}
{"quarter":3,"subreddit":"optometry","tot_comment_score":0.14,"avg_submission_score":5.5,"avg_num_comments":18.22,"year":"2018"}
{"quarter":3,"subreddit":"scala","tot_comment_score":0.12903225806451613,"avg_submission_score":57.89247311827957,"avg_num_comments":132.89247311827958,"year":"2018"}
{"quarter":3,"subreddit":"xkcd","tot_comment_score":-0.20930232558139536,"avg_submission_score":512.7441860465116,"avg_num_comments":77.46511627906976,"year":"2018"}
{"quarter":4,"subreddit":"Cameras","tot_comment_score":0.05555555555555555,"avg_submission_score":37.72222222222222,"avg_num_comments":17.583333333333332,"year":"2018"}
{"quarter":4,"subreddit":"Genealogy","tot_comment_score":0.7241379310344828,"avg_submission_score":29.689655172413794,"avg_num_comments":31.103448275862068,"year":"2018"}
{"quarter":4,"subreddit":"optometry","tot_comment_score":0.2361111111111111,"avg_submission_score":4.444444444444445,"avg_num_comments":20.541666666666668,"year":"2018"}
{"quarter":4,"subreddit":"scala","tot_comment_score":0.18421052631578946,"avg_submission_score":22.263157894736842,"avg_num_comments":39.28947368421053,"year":"2018"}
{"quarter":4,"subreddit":"xkcd","tot_comment_score":0.015151515151515152,"avg_submission_score":512.060606060606,"avg_num_comments":64.72727272727273,"year":"2018"}
