{"quarter":1,"subreddit":"Cameras","tot_comment_score":0.42857142857142855,"avg_submission_score":35.714285714285715,"avg_num_comments":15.142857142857142,"year":"2017"}
{"quarter":1,"subreddit":"Genealogy","tot_comment_score":0.1,"avg_submission_score":8.4,"avg_num_comments":29.7,"year":"2017"}
{"quarter":1,"subreddit":"optometry","tot_comment_score":-0.3333333333333333,"avg_submission_score":1.6,"avg_num_comments":12.666666666666666,"year":"2017"}
{"quarter":1,"subreddit":"scala","tot_comment_score":0.7111111111111111,"avg_submission_score":22.2,"avg_num_comments":34.46666666666667,"year":"2017"}
{"quarter":1,"subreddit":"xkcd","tot_comment_score":1.7165354330708662,"avg_submission_score":15485.125984251968,"avg_num_comments":1565.7047244094488,"year":"2017"}
{"quarter":2,"subreddit":"Cameras","tot_comment_score":0.25,"avg_submission_score":5.0,"avg_num_comments":13.0,"year":"2017"}
{"quarter":2,"subreddit":"Genealogy","tot_comment_score":0.3684210526315789,"avg_submission_score":8.68421052631579,"avg_num_comments":34.31578947368421,"year":"2017"}
{"quarter":2,"subreddit":"optometry","tot_comment_score":-0.6363636363636364,"avg_submission_score":1.1818181818181819,"avg_num_comments":8.454545454545455,"year":"2017"}
{"quarter":2,"subreddit":"scala","tot_comment_score":1.457142857142857,"avg_submission_score":29.771428571428572,"avg_num_comments":79.74285714285715,"year":"2017"}
{"quarter":2,"subreddit":"xkcd","tot_comment_score":-0.2,"avg_submission_score":1808.9166666666667,"avg_num_comments":165.61666666666667,"year":"2017"}
{"quarter":3,"subreddit":"Cameras","tot_comment_score":0.625,"avg_submission_score":9.0,"avg_num_comments":12.75,"year":"2017"}
{"quarter":3,"subreddit":"Genealogy","tot_comment_score":0.4,"avg_submission_score":15.066666666666666,"avg_num_comments":32.77777777777778,"year":"2017"}
{"quarter":3,"subreddit":"optometry","tot_comment_score":0.14285714285714285,"avg_submission_score":3.5714285714285716,"avg_num_comments":19.238095238095237,"year":"2017"}
{"quarter":3,"subreddit":"scala","tot_comment_score":0.7857142857142857,"avg_submission_score":30.857142857142858,"avg_num_comments":53.54761904761905,"year":"2017"}
{"quarter":3,"subreddit":"xkcd","tot_comment_score":-0.5343511450381679,"avg_submission_score":2514.557251908397,"avg_num_comments":246.1679389312977,"year":"2017"}
{"quarter":4,"subreddit":"Cameras","tot_comment_score":0.7142857142857143,"avg_submission_score":10.142857142857142,"avg_num_comments":12.285714285714286,"year":"2017"}
{"quarter":4,"subreddit":"Genealogy","tot_comment_score":0.4883720930232558,"avg_submission_score":17.232558139534884,"avg_num_comments":25.86046511627907,"year":"2017"}
{"quarter":4,"subreddit":"optometry","tot_comment_score":-0.43478260869565216,"avg_submission_score":4.434782608695652,"avg_num_comments":15.08695652173913,"year":"2017"}
{"quarter":4,"subreddit":"scala","tot_comment_score":0.36585365853658536,"avg_submission_score":34.48780487804878,"avg_num_comments":40.36585365853659,"year":"2017"}
{"quarter":4,"subreddit":"xkcd","tot_comment_score":-0.16363636363636364,"avg_submission_score":1024.6181818181817,"avg_num_comments":118.61818181818182,"year":"2017"}
