{"quarter":1,"subreddit":"Cameras","tot_comment_score":2.23544917756221,"avg_submission_score":49.98924504428511,"avg_num_comments":15.719422184732181,"year":"2019"}
{"quarter":1,"subreddit":"Genealogy","tot_comment_score":3.1385179861557666,"avg_submission_score":26.06751900745168,"avg_num_comments":30.85550554147596,"year":"2019"}
{"quarter":1,"subreddit":"optometry","tot_comment_score":2.319026265214606,"avg_submission_score":4.33119795003203,"avg_num_comments":11.740123852231475,"year":"2019"}
{"quarter":1,"subreddit":"scala","tot_comment_score":3.203125,"avg_submission_score":20.896634615384617,"avg_num_comments":22.517227564102566,"year":"2019"}
{"quarter":1,"subreddit":"xkcd","tot_comment_score":14.090676883780333,"avg_submission_score":550.3697318007663,"avg_num_comments":59.06726266496381,"year":"2019"}
{"quarter":2,"subreddit":"Cameras","tot_comment_score":2.094359295172558,"avg_submission_score":30.257220310707954,"avg_num_comments":15.446668751954958,"year":"2019"}
{"quarter":2,"subreddit":"Genealogy","tot_comment_score":3.1685099783699955,"avg_submission_score":23.09994694527201,"avg_num_comments":26.249112353589357,"year":"2019"}
{"quarter":2,"subreddit":"optometry","tot_comment_score":2.225054173975854,"avg_submission_score":5.751728407801052,"avg_num_comments":11.71210401403364,"year":"2019"}
{"quarter":2,"subreddit":"scala","tot_comment_score":2.9679513184584176,"avg_submission_score":24.966734279918864,"avg_num_comments":19.911156186612576,"year":"2019"}
{"quarter":2,"subreddit":"xkcd","tot_comment_score":11.425177157148813,"avg_submission_score":461.47061275531473,"avg_num_comments":73.92746977907461,"year":"2019"}
{"quarter":3,"subreddit":"Cameras","tot_comment_score":2.1127492675550514,"avg_submission_score":40.914847367923635,"avg_num_comments":14.263302145354881,"year":"2019"}
{"quarter":3,"subreddit":"Genealogy","tot_comment_score":3.0991958251347422,"avg_submission_score":23.86170758833091,"avg_num_comments":28.191932586192145,"year":"2019"}
{"quarter":3,"subreddit":"optometry","tot_comment_score":2.140619101547754,"avg_submission_score":5.417044167610419,"avg_num_comments":10.617402793506983,"year":"2019"}
{"quarter":3,"subreddit":"scala","tot_comment_score":3.806712962962963,"avg_submission_score":23.758873456790123,"avg_num_comments":30.734567901234566,"year":"2019"}
{"quarter":3,"subreddit":"xkcd","tot_comment_score":10.527460958062818,"avg_submission_score":468.7052114406036,"avg_num_comments":130.6676609931567,"year":"2019"}
{"quarter":4,"subreddit":"Cameras","tot_comment_score":2.1538013156799067,"avg_submission_score":38.56640852693813,"avg_num_comments":14.793155133649762,"year":"2019"}
{"quarter":4,"subreddit":"Genealogy","tot_comment_score":3.314669601504104,"avg_submission_score":25.937542990782777,"avg_num_comments":25.970238914110148,"year":"2019"}
{"quarter":4,"subreddit":"optometry","tot_comment_score":2.1241940283702014,"avg_submission_score":5.521178454518401,"avg_num_comments":9.530403729788711,"year":"2019"}
{"quarter":4,"subreddit":"scala","tot_comment_score":2.947521865889213,"avg_submission_score":21.560495626822156,"avg_num_comments":22.387755102040817,"year":"2019"}
{"quarter":4,"subreddit":"xkcd","tot_comment_score":13.536542338709678,"avg_submission_score":515.563004032258,"avg_num_comments":57.813004032258064,"year":"2019"}
