{"quarter":1,"subreddit":"Cameras","tot_comment_score":2.0407582280238854,"avg_submission_score":55.473198166921264,"avg_num_comments":15.846826829606998,"year":"2021"}
{"quarter":1,"subreddit":"Genealogy","tot_comment_score":3.314609571788413,"avg_submission_score":46.58533445284075,"avg_num_comments":32.02980688497061,"year":"2021"}
{"quarter":1,"subreddit":"optometry","tot_comment_score":2.18713334651638,"avg_submission_score":6.400566871003889,"avg_num_comments":10.823874497396348,"year":"2021"}
{"quarter":1,"subreddit":"scala","tot_comment_score":3.792067011579207,"avg_submission_score":26.7270263611727,"avg_num_comments":28.393446661739343,"year":"2021"}
{"quarter":1,"subreddit":"xkcd","tot_comment_score":13.999748743718593,"avg_submission_score":510.97638190954774,"avg_num_comments":48.549497487437186,"year":"2021"}
{"quarter":2,"subreddit":"Cameras","tot_comment_score":1.9084082909659759,"avg_submission_score":39.393742667188114,"avg_num_comments":13.390926867422762,"year":"2021"}
{"quarter":2,"subreddit":"Genealogy","tot_comment_score":3.7996934082779763,"avg_submission_score":47.46279381706694,"avg_num_comments":38.97457843638222,"year":"2021"}
{"quarter":2,"subreddit":"optometry","tot_comment_score":2.1176232821341956,"avg_submission_score":5.0086230126650495,"avg_num_comments":9.314605227701428,"year":"2021"}
{"quarter":2,"subreddit":"scala","tot_comment_score":3.8528275377590444,"avg_submission_score":37.78398314014753,"avg_num_comments":35.935370565507554,"year":"2021"}
{"quarter":2,"subreddit":"xkcd","tot_comment_score":14.365066449688094,"avg_submission_score":462.3826959587741,"avg_num_comments":51.30295633306211,"year":"2021"}
{"quarter":3,"subreddit":"Cameras","tot_comment_score":2.3700671570195073,"avg_submission_score":40.80582027502398,"avg_num_comments":21.257499200511674,"year":"2021"}
{"quarter":3,"subreddit":"Genealogy","tot_comment_score":3.718360929277371,"avg_submission_score":42.838210756000514,"avg_num_comments":41.611506866897706,"year":"2021"}
{"quarter":3,"subreddit":"optometry","tot_comment_score":2.215891472868217,"avg_submission_score":4.427131782945737,"avg_num_comments":9.468217054263565,"year":"2021"}
{"quarter":3,"subreddit":"scala","tot_comment_score":3.8108668602239733,"avg_submission_score":22.207382828701782,"avg_num_comments":20.381999170468685,"year":"2021"}
{"quarter":3,"subreddit":"xkcd","tot_comment_score":16.418690958164643,"avg_submission_score":493.44534412955466,"avg_num_comments":57.63900134952767,"year":"2021"}
{"quarter":4,"subreddit":"Cameras","tot_comment_score":2.3755209662328824,"avg_submission_score":22.170621757251,"avg_num_comments":18.481075104193245,"year":"2021"}
{"quarter":4,"subreddit":"Genealogy","tot_comment_score":3.757414183655689,"avg_submission_score":35.94682000348493,"avg_num_comments":34.28001393971075,"year":"2021"}
{"quarter":4,"subreddit":"optometry","tot_comment_score":2.224183901419615,"avg_submission_score":3.846580673056136,"avg_num_comments":10.76118757656554,"year":"2021"}
{"quarter":4,"subreddit":"scala","tot_comment_score":5.399724328049621,"avg_submission_score":36.12129565816678,"avg_num_comments":51.5578911095796,"year":"2021"}
{"quarter":4,"subreddit":"xkcd","tot_comment_score":16.64882655981683,"avg_submission_score":492.7979393245564,"avg_num_comments":54.471379507727534,"year":"2021"}
