{"quarter":1,"subreddit":"Cameras","tot_comment_score":2.051580036615458,"avg_submission_score":51.95781262437316,"avg_num_comments":15.047440897874711,"year":"2020"}
{"quarter":1,"subreddit":"Genealogy","tot_comment_score":3.3278382581648525,"avg_submission_score":29.88149300155521,"avg_num_comments":24.63425905354366,"year":"2020"}
{"quarter":1,"subreddit":"optometry","tot_comment_score":2.0096889757368506,"avg_submission_score":4.800928187591597,"avg_num_comments":10.363377300113989,"year":"2020"}
{"quarter":1,"subreddit":"scala","tot_comment_score":3.344492020241339,"avg_submission_score":18.722460101206696,"avg_num_comments":16.963799143635654,"year":"2020"}
{"quarter":1,"subreddit":"xkcd","tot_comment_score":14.531394702722727,"avg_submission_score":658.2520837192072,"avg_num_comments":85.41822559733284,"year":"2020"}
{"quarter":2,"subreddit":"Cameras","tot_comment_score":2.007756519169683,"avg_submission_score":47.902415601684275,"avg_num_comments":13.656497008199748,"year":"2020"}
{"quarter":2,"subreddit":"Genealogy","tot_comment_score":3.222940723633564,"avg_submission_score":29.423364126250963,"avg_num_comments":21.556197074672824,"year":"2020"}
{"quarter":2,"subreddit":"optometry","tot_comment_score":1.9959486251185243,"avg_submission_score":6.351693819498319,"avg_num_comments":10.905439186277045,"year":"2020"}
{"quarter":2,"subreddit":"scala","tot_comment_score":3.083218232044199,"avg_submission_score":20.8335635359116,"avg_num_comments":17.777969613259668,"year":"2020"}
{"quarter":2,"subreddit":"xkcd","tot_comment_score":14.05702364394993,"avg_submission_score":516.4817454798331,"avg_num_comments":54.58796940194715,"year":"2020"}
{"quarter":3,"subreddit":"Cameras","tot_comment_score":2.1404754784688995,"avg_submission_score":57.805771531100476,"avg_num_comments":15.209703947368421,"year":"2020"}
{"quarter":3,"subreddit":"Genealogy","tot_comment_score":3.3627137094192228,"avg_submission_score":42.84875456233591,"avg_num_comments":37.850931677018636,"year":"2020"}
{"quarter":3,"subreddit":"optometry","tot_comment_score":2.0377438808087973,"avg_submission_score":7.341965235899255,"avg_num_comments":11.849166371053565,"year":"2020"}
{"quarter":3,"subreddit":"scala","tot_comment_score":3.352502662406816,"avg_submission_score":24.61945331913383,"avg_num_comments":35.585374511892084,"year":"2020"}
{"quarter":3,"subreddit":"xkcd","tot_comment_score":14.807033997655335,"avg_submission_score":527.2546307151231,"avg_num_comments":50.35709261430246,"year":"2020"}
{"quarter":4,"subreddit":"Cameras","tot_comment_score":2.0689606840002805,"avg_submission_score":50.2740206041068,"avg_num_comments":14.533464153059079,"year":"2020"}
{"quarter":4,"subreddit":"Genealogy","tot_comment_score":3.4151069283983566,"avg_submission_score":45.041191136706814,"avg_num_comments":34.11939459915019,"year":"2020"}
{"quarter":4,"subreddit":"optometry","tot_comment_score":2.1135680026014145,"avg_submission_score":7.068612307942444,"avg_num_comments":10.15096333631412,"year":"2020"}
{"quarter":4,"subreddit":"scala","tot_comment_score":3.6049442559379545,"avg_submission_score":22.789142026175472,"avg_num_comments":18.014541929229278,"year":"2020"}
{"quarter":4,"subreddit":"xkcd","tot_comment_score":14.16123365215694,"avg_submission_score":591.1774350966231,"avg_num_comments":64.8543821979309,"year":"2020"}
