{"quarter":1,"subreddit":"Cameras","tot_comment_score":1.829739679200631,"avg_submission_score":10.584275571916908,"avg_num_comments":11.844727846437024,"year":"2018"}
{"quarter":1,"subreddit":"Genealogy","tot_comment_score":2.907905409621264,"avg_submission_score":14.606538965495727,"avg_num_comments":20.860111062581893,"year":"2018"}
{"quarter":1,"subreddit":"optometry","tot_comment_score":2.1091743119266053,"avg_submission_score":2.5348623853211008,"avg_num_comments":11.111620795107033,"year":"2018"}
{"quarter":1,"subreddit":"scala","tot_comment_score":2.7345001483239395,"avg_submission_score":20.06110946306734,"avg_num_comments":28.130525066745772,"year":"2018"}
{"quarter":1,"subreddit":"xkcd","tot_comment_score":14.29834638816362,"avg_submission_score":813.1864229765013,"avg_num_comments":81.53803307223673,"year":"2018"}
{"quarter":2,"subreddit":"Cameras","tot_comment_score":1.9526715799170888,"avg_submission_score":18.510363887609397,"avg_num_comments":13.509903270382312,"year":"2018"}
{"quarter":2,"subreddit":"Genealogy","tot_comment_score":2.959716031038468,"avg_submission_score":17.60178306092125,"avg_num_comments":23.37741456166419,"year":"2018"}
{"quarter":2,"subreddit":"optometry","tot_comment_score":2.2298285071689627,"avg_submission_score":2.9647174585324714,"avg_num_comments":12.249648580264267,"year":"2018"}
{"quarter":2,"subreddit":"scala","tot_comment_score":2.947473404255319,"avg_submission_score":27.903257978723403,"avg_num_comments":25.41589095744681,"year":"2018"}
{"quarter":2,"subreddit":"xkcd","tot_comment_score":15.611127910492893,"avg_submission_score":743.6127910492894,"avg_num_comments":90.32280012095555,"year":"2018"}
{"quarter":3,"subreddit":"Cameras","tot_comment_score":2.063357134761419,"avg_submission_score":27.387169896860478,"avg_num_comments":14.85481128867732,"year":"2018"}
{"quarter":3,"subreddit":"Genealogy","tot_comment_score":2.872193520351504,"avg_submission_score":18.958476172082467,"avg_num_comments":26.006180290666794,"year":"2018"}
{"quarter":3,"subreddit":"optometry","tot_comment_score":2.4593876518218623,"avg_submission_score":3.7847925101214575,"avg_num_comments":15.237601214574898,"year":"2018"}
{"quarter":3,"subreddit":"scala","tot_comment_score":3.746711446963336,"avg_submission_score":35.35600335852225,"avg_num_comments":59.69829275118948,"year":"2018"}
{"quarter":3,"subreddit":"xkcd","tot_comment_score":13.893428406243977,"avg_submission_score":509.09520138755056,"avg_num_comments":80.64000770861438,"year":"2018"}
{"quarter":4,"subreddit":"Cameras","tot_comment_score":2.175201123738986,"avg_submission_score":30.131528540416294,"avg_num_comments":14.779593921593666,"year":"2018"}
{"quarter":4,"subreddit":"Genealogy","tot_comment_score":2.94561310782241,"avg_submission_score":18.27288583509514,"avg_num_comments":21.5600422832981,"year":"2018"}
{"quarter":4,"subreddit":"optometry","tot_comment_score":2.5724556279487754,"avg_submission_score":4.348236351381712,"avg_num_comments":13.701078409346215,"year":"2018"}
{"quarter":4,"subreddit":"scala","tot_comment_score":2.962448366503943,"avg_submission_score":18.94217048441607,"avg_num_comments":19.523469770935037,"year":"2018"}
{"quarter":4,"subreddit":"xkcd","tot_comment_score":14.425732637494981,"avg_submission_score":492.3311922922521,"avg_num_comments":55.4508229626656,"year":"2018"}
