{"quarter":1,"subreddit":"Cameras","tot_comment_score":1.5536695764629809,"avg_submission_score":4.52295505981248,"avg_num_comments":8.429679922405432,"year":"2017"}
{"quarter":1,"subreddit":"Genealogy","tot_comment_score":2.165620431679422,"avg_submission_score":10.306217215581736,"avg_num_comments":20.6271390489294,"year":"2017"}
{"quarter":1,"subreddit":"optometry","tot_comment_score":1.8277533039647578,"avg_submission_score":1.9116740088105726,"avg_num_comments":10.577092511013216,"year":"2017"}
{"quarter":1,"subreddit":"scala","tot_comment_score":2.59675881792183,"avg_submission_score":19.17612011439466,"avg_num_comments":26.44256434699714,"year":"2017"}
{"quarter":1,"subreddit":"xkcd","tot_comment_score":12.763134461264471,"avg_submission_score":5587.632729791234,"avg_num_comments":578.8380330464034,"year":"2017"}
{"quarter":2,"subreddit":"Cameras","tot_comment_score":1.6172388604821037,"avg_submission_score":4.29200146092038,"avg_num_comments":8.619430241051862,"year":"2017"}
{"quarter":2,"subreddit":"Genealogy","tot_comment_score":2.3843907618794797,"avg_submission_score":10.854614635872931,"avg_num_comments":19.084771259180602,"year":"2017"}
{"quarter":2,"subreddit":"optometry","tot_comment_score":1.787044701986755,"avg_submission_score":2.122516556291391,"avg_num_comments":12.489031456953642,"year":"2017"}
{"quarter":2,"subreddit":"scala","tot_comment_score":3.048582995951417,"avg_submission_score":21.477192982456142,"avg_num_comments":30.26396761133603,"year":"2017"}
{"quarter":2,"subreddit":"xkcd","tot_comment_score":14.909987071751777,"avg_submission_score":1626.3123787976729,"avg_num_comments":117.38477698771817,"year":"2017"}
{"quarter":3,"subreddit":"Cameras","tot_comment_score":1.674110835401158,"avg_submission_score":4.31166253101737,"avg_num_comments":9.204135649296939,"year":"2017"}
{"quarter":3,"subreddit":"Genealogy","tot_comment_score":2.701805724073942,"avg_submission_score":11.288844479337664,"avg_num_comments":22.1291128399115,"year":"2017"}
{"quarter":3,"subreddit":"optometry","tot_comment_score":1.8331349206349206,"avg_submission_score":2.0259920634920636,"avg_num_comments":9.593650793650793,"year":"2017"}
{"quarter":3,"subreddit":"scala","tot_comment_score":2.7193526170798896,"avg_submission_score":19.21556473829201,"avg_num_comments":27.759986225895318,"year":"2017"}
{"quarter":3,"subreddit":"xkcd","tot_comment_score":16.6692096048024,"avg_submission_score":2314.6434467233616,"avg_num_comments":152.48199099549774,"year":"2017"}
{"quarter":4,"subreddit":"Cameras","tot_comment_score":1.6966604823747682,"avg_submission_score":4.577922077922078,"avg_num_comments":10.41465677179963,"year":"2017"}
{"quarter":4,"subreddit":"Genealogy","tot_comment_score":2.756689868522815,"avg_submission_score":13.210131477184841,"avg_num_comments":22.440061871616397,"year":"2017"}
{"quarter":4,"subreddit":"optometry","tot_comment_score":1.8371016556880897,"avg_submission_score":1.7706961011215951,"avg_num_comments":10.7849385793128,"year":"2017"}
{"quarter":4,"subreddit":"scala","tot_comment_score":2.93241119144923,"avg_submission_score":21.77019805092738,"avg_num_comments":28.350518704809808,"year":"2017"}
{"quarter":4,"subreddit":"xkcd","tot_comment_score":17.220496421501448,"avg_submission_score":1453.713567839196,"avg_num_comments":105.12334399269072,"year":"2017"}
