{"quarter":1,"subreddit":"Cameras","tot_comment_score":1.473733583489681,"avg_submission_score":3.6158536585365852,"avg_num_comments":9.683630393996248,"year":"2016"}
{"quarter":1,"subreddit":"Genealogy","tot_comment_score":2.03677447939743,"avg_submission_score":8.1270122581598,"avg_num_comments":15.949933540097474,"year":"2016"}
{"quarter":1,"subreddit":"optometry","tot_comment_score":1.7549279199764636,"avg_submission_score":1.4657252132980287,"avg_num_comments":10.449543983524567,"year":"2016"}
{"quarter":1,"subreddit":"scala","tot_comment_score":2.394106813996317,"avg_submission_score":16.989564149785146,"avg_num_comments":32.866175567833025,"year":"2016"}
{"quarter":1,"subreddit":"xkcd","tot_comment_score":10.43055788239236,"avg_submission_score":317.6997822080751,"avg_num_comments":68.36153459540962,"year":"2016"}
{"quarter":2,"subreddit":"Cameras","tot_comment_score":1.4742343218279048,"avg_submission_score":3.3859990277102576,"avg_num_comments":8.321098687408847,"year":"2016"}
{"quarter":2,"subreddit":"Genealogy","tot_comment_score":1.9337905935050392,"avg_submission_score":9.08132698768197,"avg_num_comments":18.93015117581187,"year":"2016"}
{"quarter":2,"subreddit":"optometry","tot_comment_score":1.6626658243840808,"avg_submission_score":1.5862286797220468,"avg_num_comments":9.3547062539482,"year":"2016"}
{"quarter":2,"subreddit":"scala","tot_comment_score":2.3308333333333335,"avg_submission_score":17.24388888888889,"avg_num_comments":24.093333333333334,"year":"2016"}
{"quarter":2,"subreddit":"xkcd","tot_comment_score":10.460243373895649,"avg_submission_score":415.8406401066845,"avg_num_comments":84.99116519419903,"year":"2016"}
{"quarter":3,"subreddit":"Cameras","tot_comment_score":1.5123391689516978,"avg_submission_score":3.56907825353301,"avg_num_comments":8.675174013921113,"year":"2016"}
{"quarter":3,"subreddit":"Genealogy","tot_comment_score":2.073847467273762,"avg_submission_score":10.490608992601025,"avg_num_comments":14.747865680136597,"year":"2016"}
{"quarter":3,"subreddit":"optometry","tot_comment_score":1.6205439662001584,"avg_submission_score":2.110641668867177,"avg_num_comments":9.819646157908634,"year":"2016"}
{"quarter":3,"subreddit":"scala","tot_comment_score":2.5186567164179103,"avg_submission_score":16.433768656716417,"avg_num_comments":36.39832089552239,"year":"2016"}
{"quarter":3,"subreddit":"xkcd","tot_comment_score":11.197287697772037,"avg_submission_score":790.2276396512755,"avg_num_comments":140.31804972554085,"year":"2016"}
{"quarter":4,"subreddit":"Cameras","tot_comment_score":1.4901038286826735,"avg_submission_score":3.519792342634653,"avg_num_comments":9.53471771576898,"year":"2016"}
{"quarter":4,"subreddit":"Genealogy","tot_comment_score":2.1069916613213597,"avg_submission_score":9.950481077613855,"avg_num_comments":17.308531109685696,"year":"2016"}
{"quarter":4,"subreddit":"optometry","tot_comment_score":1.7452284557547715,"avg_submission_score":1.9245228455754773,"avg_num_comments":10.46443030653557,"year":"2016"}
{"quarter":4,"subreddit":"scala","tot_comment_score":2.738788584740827,"avg_submission_score":19.341292952824695,"avg_num_comments":26.771694816540478,"year":"2016"}
{"quarter":4,"subreddit":"xkcd","tot_comment_score":15.800405012023795,"avg_submission_score":990.8573598278699,"avg_num_comments":115.41058093912163,"year":"2016"}
